{"cameraMode":{"drawMode":0,"name":"Shaded","section":"Shading Mode"},"sceneLighting":true,"audioPlay":false,"sceneViewState":{"m_AlwaysRefresh":false,"showFog":true,"showSkybox":true,"showFlares":true,"showImageEffects":true,"showParticleSystems":true,"showVisualEffectGraphs":true,"m_FxEnabled":true},"in2DMode":false,"pivot":{"x":0.06985070556402207,"y":14.47583293914795,"z":-6.5423054695129398},"rotation":{"x":0.11290623992681503,"y":-0.6638723015785217,"z":0.10239148139953613,"w":0.7322106957435608},"size":0.5823572874069214,"orthographic":false}